"cluster","global_phi","w","quota","n_equal","n_max"
"cluster_1",-9.73285027777778,1.36896395291995,739.677063481879,400,658
"cluster_2",-3.33507555555556,1.11361821622015,601.708942194341,400,609
"cluster_3",-5.50933305555556,1.1945530558765,645.439563736786,400,653
"cluster_4",10.1414991666667,0.720910508531811,389.521555221856,400,397
"cluster_5",20.292855,0.519546693489348,280.720885135237,400,288
"cluster_6",20.9299130555556,0.508975790253768,275.009226587203,400,282
"cluster_7",22.4247083333333,0.485008893093848,262.05945966733,400,270
"cluster_8",26.6850547222222,0.422714382590982,228.400559809873,400,236
"cluster_9",22.0889519444444,0.490292047073448,264.914047484064,400,272
"cluster_10",20.2270994444444,0.520650219151974,281.317140880224,400,289
"cluster_11",9.11668777777778,0.745148147124127,402.617608848002,400,410
"cluster_12",7.17760111111111,0.79326110280565,428.613946953205,400,436
